epoch,time,train/loss,metrics/accuracy_top1,metrics/accuracy_top5,val/loss,lr/pg0,lr/pg1,lr/pg2
1,5.9082,0.62681,0.83333,1,0.51581,0.000444533,0.000444533,0.000444533
2,13.8032,0.40232,1,1,0.2624,0.000980396,0.000980396,0.000980396
3,18.1765,0.19393,1,1,0.14705,0.00149425,0.00149425,0.00149425
4,22.6333,0.18705,1,1,0.04603,0.00156798,0.00156798,0.00156798
5,27.0679,0.0788,1,1,0.00696,0.00153497,0.00153497,0.00153497
6,31.4456,0.04158,1,1,0.00692,0.00150197,0.00150197,0.00150197
7,35.966,0.03072,1,1,0.01404,0.00146896,0.00146896,0.00146896
8,40.5646,0.11093,1,1,0.01376,0.00143595,0.00143595,0.00143595
9,45.4236,0.04535,1,1,0.01136,0.00140295,0.00140295,0.00140295
10,49.968,0.04645,1,1,0.01466,0.00136994,0.00136994,0.00136994
11,54.5351,0.08652,1,1,0.00597,0.00133693,0.00133693,0.00133693
12,59.0784,0.05564,1,1,0.00263,0.00130393,0.00130393,0.00130393
13,63.5199,0.08253,0.88889,1,0.23815,0.00127092,0.00127092,0.00127092
14,68.0487,0.06745,1,1,0.03764,0.00123791,0.00123791,0.00123791
15,72.5864,0.01676,1,1,0.00241,0.00120491,0.00120491,0.00120491
16,77.4159,0.14311,1,1,0.00061,0.0011719,0.0011719,0.0011719
17,81.8847,0.06437,1,1,0.0073,0.00113889,0.00113889,0.00113889
18,86.3505,0.05483,1,1,0.00913,0.00110589,0.00110589,0.00110589
19,90.8203,0.02316,1,1,0.01419,0.00107288,0.00107288,0.00107288
20,95.2925,0.02913,1,1,0.01109,0.00103987,0.00103987,0.00103987
21,99.733,0.00609,1,1,0.01099,0.00100687,0.00100687,0.00100687
22,104.183,0.01474,1,1,0.01073,0.000973861,0.000973861,0.000973861
23,108.621,0.02129,1,1,0.00851,0.000940855,0.000940855,0.000940855
24,113.083,0.0105,1,1,0.01007,0.000907848,0.000907848,0.000907848
25,117.511,0.03399,1,1,0.00946,0.000874842,0.000874842,0.000874842
26,121.997,0.10772,1,1,0.00766,0.000841835,0.000841835,0.000841835
27,126.543,0.17515,1,1,0.00699,0.000808828,0.000808828,0.000808828
28,131.074,0.01586,1,1,0.00897,0.000775822,0.000775822,0.000775822
29,135.507,0.00901,1,1,0.0122,0.000742815,0.000742815,0.000742815
30,139.946,0.01035,1,1,0.01461,0.000709809,0.000709809,0.000709809
31,144.385,0.07153,1,1,0.01159,0.000676802,0.000676802,0.000676802
32,148.987,0.00208,1,1,0.0098,0.000643795,0.000643795,0.000643795
33,153.509,0.0031,1,1,0.00586,0.000610789,0.000610789,0.000610789
34,157.983,0.02414,1,1,0.00667,0.000577782,0.000577782,0.000577782
35,162.481,0.00243,1,1,0.00512,0.000544776,0.000544776,0.000544776
36,166.99,0.12012,1,1,0.00471,0.000511769,0.000511769,0.000511769
37,171.584,0.00604,1,1,0.00619,0.000478762,0.000478762,0.000478762
38,176.112,0.02955,1,1,0.00683,0.000445756,0.000445756,0.000445756
39,180.637,0.00993,1,1,0.00825,0.000412749,0.000412749,0.000412749
40,185.183,0.01333,1,1,0.01302,0.000379743,0.000379743,0.000379743
41,189.718,0.00446,1,1,0.00936,0.000346736,0.000346736,0.000346736
42,194.365,0.00322,1,1,0.01165,0.000313729,0.000313729,0.000313729
43,198.897,0.00279,1,1,0.00857,0.000280723,0.000280723,0.000280723
44,203.465,0.05483,1,1,0.00759,0.000247716,0.000247716,0.000247716
45,208.369,0.00269,1,1,0.00532,0.00021471,0.00021471,0.00021471
46,212.954,0.00588,1,1,0.00524,0.000181703,0.000181703,0.000181703
47,217.735,0.00698,1,1,0.0057,0.000148696,0.000148696,0.000148696
48,222.289,0.0209,1,1,0.00584,0.00011569,0.00011569,0.00011569
49,226.922,0.0229,1,1,0.00557,8.26832e-05,8.26832e-05,8.26832e-05
50,231.834,0.00988,1,1,0.0064,4.96766e-05,4.96766e-05,4.96766e-05
